Workbook
Name Página: 'FMEA - Schumag'!#REF!

Sheet Capa
D1: ArcelorMittal - Sabará Diretoria de Trefilação | N1: CÓDIGO: | P1: DTREF SGI DD 0007
N2: REVISÃO: | P2: 22
N3: DATA REVISÃO: | P3: 45954
N4: PÁGINA: | P4: 1 de 8
D6: INFORMAÇÕES GERAIS
D7: TÍTULO DO DOCUMENTO | H7: Fluxo de Processo, PFMEA e Plano de Controle - Schumag
D8: DESCRIÇÃO DO COMPONENTE | H8: Schumag
D9: NOME/NÚMERO DA PEÇA | H9: Barra Trefilada Industrial
D10: MODELO, ANO(S)/PROGRAMAS | H10: Barras trefiladas para o segmento automotivo
D11: RESPONSÁVEL PELO PROCESSO | H11: Tulio César Nogueira
D12: SETOR | H12: Engenharia de Produto e Processo
D14: EQUIPE GESTORA DO DOCUMENTO
D15: ELABORADOR | H15: Paulo César de Oliveira Vilela
D16: VERIFICADOR | H16: Tulio Cesar Nogueira
D17: VERIFICADOR | H17: Douglas Feijó de Almeida
D18: APROVADOR | H18: Glauco Menezes
D20: EQUIPE PRINCIPAL DE ELABORAÇÃO
D21: Thiago Salles - Tulio Nogueira - Wendell Alex - Ciro Eugenio - Glauco Menezes - Paulo Celso - Carolina Siqueira - Jesuíno Siqueira - Paulo Vilela - Ana Barcelos - Claudio Márcio - Thayna Luiza

Sheet Fluxo Processo Schumag
B1: ArcelorMittal - Sabará Diretoria de Trefilação | L1: CÓDIGO: | N1: =Capa!P1 -> DTREF SGI DD 0007
L2: REVISÃO: | N2: 22 | O2: 11
L3: DATA REVISÃO: | N3: 45954 | O3: 45406
L4: PÁGINA: | N4: 2 de 8
B5: FLUXO DE PROCESSO DE PRODUÇÃO DE BARRAS TREFILADAS
B8: SEQ | C8: OPERAÇÕES | D8: SUB-PROCESSOS | K8: REGISTRO
D9: REC | E9: PCP | F9: SCH | G9: RET | H9: COR | I9: EMB | J9: EXP
B10: 1 | C10: RECEBER E INSPECIONAR FM | K10: NF (SAP)
B11: 2 | C11: ARMAZENAR ROLOS DE FM | K11: Depósito SAP
B12: 3 | C12: PROGRAMAR FABRICAÇÃO | K12: Ordem de Produção / SAP/ MÊS
B13: 4 | C13: ABASTECER MÁQUINA | K13: Ordem de Produção
B14: 5 | C14: PRÉ-ENDIREITAR MATÉRIA PRIMA | K14: Sem Registro
B15: 6 | C15: DECAPAR MATÉRIA PRIMA | K15: Sem Registro
B16: 7 | C16: TREFILAR MATÉRIA PRIMA | K16: Sistema Informatizado - MES
B17: 8 | C17: INSPECIONAR BARRAS POR CORRENTE PARASITA | K17: Registro informatizado
B18: 9 | C18: CORTAR BARRAS - SCHUMAGS | K18: Sem Registro
B19: 10 | C19: ENDIREITAR / POLIR E INPECIONAR BARRAS | K19: Sistema Informatizado - MES
B20: 11 | C20: RETIFICAR BARRAS | K20: Sistema Informatizado - MES
B21: 12 | C21: CORTAR BARRAS (MÁQUINA DE CORTE) | K21: Sistema Informatizado - MES
... B25: 16 | C25: EXPEDIR BARRAS | K25: Sistema Informatizado - NF (SAP)
B28: REC | C28: Recepção de Matéria Prima | G28: Operação
B29: PCP | C29: Programação | G29: Operação e Inspeção
B30: SCH | C30: Máquinas Schumag | G30: Operação e Transporte
B31: RET | C31: Retífica | G31: Estocagem
B32: COR | C32: Corte
B33: EMB | C33: Embalagem
B34: EXP | C34: Expedição

Sheet FMEA - Schumag
D1: ArcelorMittal - Sabará Diretoria de Trefilação | O1: CÓDIGO: | P1: =Capa!P1 -> DTREF SGI DD 0007
O2: REVISÃO: | P2: =Capa!P2 -> 22
O3: DATA REVISÃO: | P3: =Capa!P3 -> 45954
O4: PÁGINA: | P4: 3 de 8
A5: ANÁLISE DOS MODOS E EFEITOS DA FALHA
A6: FMEA DE PROCESSO (PFMEA)
A7: Item | B7: Função | C7: Requisito | D7: Modo de Falha Potencial | E7: Efeitos Potenciais da Falha | F7: Severidade | G7: Classificação | H7: Causa(s) Potenciais / Mecanismo de Falha | I7: Projeto Atual | M7: NPR | N7: Ação Recomendada | O7: Responsabilidade Data de conclusão prevista | P7: Resultado da ação
A8: It | I8: Controles Prevenção | J8: Ocorrência | K8: Controles Detecção | L8: Detecção | P8: Ações realizadas Data de conclusão | Q8: Severidade | R8: Ocorrência | S8: Detecção | T8: NPR
A9: 1 | B9: Receber e inspecionar FM | C9: Manter a rastreabilidade do material | D9: Falta de identificação | E9: Sucateamento de material | F9: 8 | H9: Perda da etiqueta de identificação no manuseio | I9: Exigência de duas etiquetas | J9: 3 | K9: Conferência no recebimento. Rolo a Rolo | L9: 7 | M9: =F9*J9*L9 -> 168
F10: 8 | H10: Lacres rompidos ou etiquetas improvisadas | I10: Exigência de duas etiquetas | J10: 3 | K10: Conferência no recebimento. Rolo a Rolo | L10: 7 | M10: =F10*J10*L10 -> 168
D11: Perda de rastreabilidade do fio máquina tratado | E11: Aço errado - mistura | F11: 10 | H11: Identificação do FM tratado fora do padrão | I11: Exigência de duas etiquetas | J11: 2 | K11: Fagulhamento 100% do FM tratado no abastecimento da máquina | L11: 7 | M11: =F11*J11*L11 -> 140
D12: Identificação errada | E12: Aço errado - mistura | F12: 10 | G12: (CC) | H12: Fornecedor enviou o rolo com identificação errada | I12: De acordo com procedimentos de Monlevade. (verificar quais controles são realizados) | J12: 2 | K12: Fagulhamento na expedição | L12: 8 | M12: =PRODUCT(F12,J12,L12) -> 160
C13: Receber matéria-prima sem danos mecânicos | D13: Receber matéria-prima com danos mecânicos | E13: Barras com defeito superficial | F13: 7 | H13: Não identificação do defeito no momento do recebimento | I13: Padrão de defeitos na área de recebimento | J13: 6 | K13: Conferência do check-list e auditoria de recebimento | L13: 7 | M13: =PRODUCT(F13,J13,L13) -> 294
C14: Manter matéria-prima sem danos mecânicos | D14: Matéria-prima com danos mecânicos | E14: Barras com defeito superficial | F14: 7 | H14: Contato entre as espiras | I14: Utilização de veículo próprio para rolos | J14: 6 | K14: Conferência do check-list | L14: 7 | M14: =F14*J14*L14 -> 294 | T14: =IF(Q14="","",Q14*R14*S14)
H15: Atrito do fio máquina com o berço de transporte | I15: Exigência de manta de proteção para transporte com base emborrachadas | J15: 6 | K15: Conferência do check-list | L15: 7 | M15: =F14*J14*L14 -> 294 | T15: =IF(Q15="","",Q15*R15*S15)
A16: 2 | B16: Armazenar rolos de FM | C16: Manter FM com qualidade | D16: Falta de Proteção | E16: matéria-prima com abrasão ou arranhões | F16: 7 | H16: Contato entre superfícies | I16: Utilização da proteção na lança das empilhadeiras | J16: 6 | K16: Conferência do check-list | L16: 7 | M16: =IF(F16="","",F16*J16*L16) -> 294 | T16: =IF(Q16="","",Q16*R16*S16)
N17: Efetuar a mudança do material base da proteção do ariete das empilhadeiras, substituindo a borracha (Novo material: Nylon de alta resistência) Revisar plano de manutenção preventivo incluindo no check-list a verificação da proteção de nylon do ariete da empilhadeira - (PLA202509GPSA0003) | O17: Jorge Rodrigues Jorge Rodrigues | P17: 19/08/2025 19/08/2025 | Q17: 7 | R17: 5 | S17: 7 | T17: =Q17*R17*S17 -> 245
D20: Manuseio e empilhamento irregular | E20: Criação de defeitos de manuseio | F20: 7 | H20: Pilha c/ mais de 3 rolos. Contato entre superfícies. | I20: Instruções para manuseio e empilhamento | J20: 6 | K20: Auditoria dos estoques | L20: 7 | M20: =IF(F20="","",F20*J20*L20) -> 294 | T20: =IF(Q20="","",Q20*R20*S20)
D21: Rolos mal calçados | E21: Rolo tombado | F21: 7 | H21: Falta da fixação ou mal mal fixado | I21: Posicionar o rolo corretamente nos berços de proteção. | J21: 4 | K21: Conferência do check-list | L21: 7 | M21: =F21*J21*L21 -> 196 | T21: =Q21*R21*S21 -> 0
A23: 3 | B23: Programar fabricação | C23: Programar a fabricação (sequenciamento) conforme lista técnica e planejamento de carteira | D23: Verificar com logística
D24: Matéria-prima programada errada | E24: Fabricação de material fora do especificado | F24: 6 | H24: Material com erro no cadastro | I24: Verificação das características do material ao cadastrar | J24: 2 | K24: Consistência do programa informatizado | L24: 5 | M24: =IF(F24="","",F24*J24*L24) -> 60 | T24: =Q24*R24*S24 -> 0
A25: 4 | B25: Abastecer máquina | C25: Garantir o abastecimento do material (aço e bitola) conforme especificado | D25: Abastecer o rolo de FM com material (aço/bitola) diferente do especificado. | E25: Quebra e redução da vida útil de peças do equipamento. | F25: 8 | H25: Programação do rolo errado | I25: Transformação da ordem planejada em ordem de produção é feita via sistema, conforme roteiro e lista técnica | J25: 2 | K25: SAP | L25: 2 | M25: =IF(F25="","",F25*J25*L25) -> 32 | T25: =Q25*R25*S25 -> 0
E26: Mistura de material | F26: 10 | G26: (CC) | H26: Abastecimento do rolo errado | I26: Trava no sistema MES | J26: 3 | K26: Fagulhamento na expedição | L26: 6 | M26: =IF(F26="","",F26*J26*L26) -> 180
E27: Mistura de material | F27: 10 | G27: (CC) | H27: Abastecimento do rolo errado | I27: Leitor código de barras | J27: 3 | K27: Leitor código de barras | L27: 4 | M27: =IF(F27="","",F27*J27*L27) -> 120
H28: Fornecedor enviou o rolo com identificação errada | I28: De acordo com procedimentos de Monlevade. | J28: 2 | K28: Fagulhamento na expedição | L28: 6 | M28: =F27*J28*L28 -> 120
C29: Matéria-prima sem oxidação aparente | D29: Matéria-prima com oxidação aparente | E29: Porosidade no produto acabado | F29: 4 | H29: Tempo elevado de estocagem do material no pátio | I29: FIFO automático SAP para matéria-prima. | J29: 2 | K29: Inspeção qualitativa | L29: 7 | M29: =IF(F29="","",F29*J29*L29) -> 56
C30: Matéria-prima sem defeito superficial | D30: Abastecer o equipamento com matéria-prima com defeito superficial | E30: Barras com defeito superficial | F30: 7 | H30: Movimentação e estocagem do fio máquina incorretamente | I30: Posicionar o rolo corretamente nos berços de proteção. Verificação dos arietes. | J30: 3 | K30: Inspeção qualitativa | L30: 7 | M30: =IF(F30="","",F30*J30*L30) -> 147 | T30: 84
C31: Roleta de abastecimento de FM sem arestas cortantes | D31: Roleta com arestas cortantes | E31: Barras com defeito superficial | F31: 7 | H31: Contato do FM com a roleta | I31: Revistimento da roleta com borracha | J31: 6 | K31: Inspeções qualitativas | L31: 7 | M31: =IF(F31="","",F31*J31*L31) -> 294 | T31: =Q31*R31*S31 -> 0
A32: 5 | B32: Pré-Endireitar matéria-prima | C32: Pré-endireitamento da matéria-prima para alívio de tensões | D32: Defeito superficial da matéria-prima | E32: Barras com defeito superficial. | F32: 7 | H32: Aperto excessivo das roldanas | I32: De acordo com procedimentos específicos do SIG. | J32: 7 | K32: Inspeção por corrente parasita | L32: 4 | M32: =F32*J32*L32 -> 196 | N32: Inserir no check list de inspeção de pré uso a necessidade de verificação das roldanas do pré-endireitado (PLA202510GPSA0007) | O32: Laissa 10/10/2025 | P32: 45940 | Q32: 7 | R32: 6 | S32: 4 | T32: =Q32*R32*S32 -> 168
F33: 7 | H33: Folga das roldanas | J33: 6 | K33: Inspeção por corrente parasita | L33: 4 | M33: =IF(F33="","",F33*J33*L33) -> 168
F34: 7 | H34: Aderência de material nas roldanas | J34: 6 | K34: Inspeção por corrente parasita | L34: 4 | M34: =IF(F34="","",F34*J34*L34) -> 168
D35: Pré-endireitamento ineficiente | E35: Barras com empeno fora da tolerância (7) Defeito Superficial (7) | F35: 7 | H35: Roldana Quebrada | I35: Check-list de inspeção | J35: 3 | K35: Inspeção Visual | L35: 8 | M35: =IF(F35="","",F35*J35*L35) -> 168 | N35: Inserir no check list de verificação a necessidade de inspeção visual das roldanas (PLA202504GPSA0001) | O35: Marcio Cristeli 31/03/2025 | P35: 45747 | Q35: 7 | R35: 3 | S35: 7 | T35: =Q35*R35*S35 -> 147
H36: Roldanas desalinhadas | I36: Regulagem do pré-endireitador | J36: 4 | K36: Medição de empeno da barra | L36: 6 | M36: =F35*J36*L36 -> 168
D37: Rolo em cruz não atuando | E37: Barras com empeno fora da tolerância | F37: 7 | H37: Rolamento travado | I37: Manutenção periódica de acordo com o RCM. | J37: 4 | K37: Medição de empeno da barra | L37: 5 | M37: =IF(F37="","",F37*J37*L37) -> 140 | T37: =Q37*R37*S37 -> 0
T38: =Q38*R38*S38 -> 0
A39: 6 | B39: Decapar matéria-prima | C39: Deixar o FM isento de carepa para a trefilação e criar porosidade mínima para melhor aderência do oleo lubrificante. Controlar a amperagem com foco na vazâo da granalha. | D39: Matéria-prima muito decapada | E39: Porosidade excessiva no produto acabado. | F39: 6 | H39: Excesso de vazão de granalha | I39: Desarme automático do bi-metálico | J39: 3 | K39: Verificação do amperímetro conforme procedimento | L39: 7 | M39: =IF(F39="","",F39*J39*L39) -> 126
H40: Caracteristica da granalha fora da especificação. | I40: Análise da granalha após o fornecimento | J40: 3 | M40: =F39*J40*L39 -> 126 | T40: =PRODUCT(Q40:S40) -> 0
D41: Matéria-prima pouco decapada | E41: Manchas superficiais na barra | F41: 6 | H41: Pouca vazão de granalha | I41: Amperímetro da máquina | J41: 3 | K41: Verificação do amperímetro conforme procedimento | L41: 7 | M41: =IF(F41="","",F41*J41*L41) -> 126 | T41: =PRODUCT(Q41,R41,S41) -> 0
H42: Caracteristica da granalha fora da especificação. | I42: Análise da granalha após o fornecimento | J42: 3 | K42: Inspeção qualitativa após decapadora | M42: =F41*J42*L41 -> 126
D43: Matéria-prima com oxidação | E43: Porosidade excessiva no material | F43: 6 | H43: Tempo elevado de estocagem do material no pátio | I43: Item de Controle de estoque de matéria-prima: FM>75 dias e FIFO sistema | J43: 3 | K43: Inspeção qualitativa após decapadora | L43: 7 | M43: =F43*J43*L43 -> 126
A44: 7 | B44: Trefilar matéria-prima | C44: Fieiras em condições adequadas | D44: Aderência de material na fieira | E44: Risco na barra | F44: 7 | H44: Má lubrificação | I44: Equipamento desarma (Fluxostato) | J44: 6 | K44: Inspeção Visual qualitativa do operador | L44: 8 | M44: =IF(F44="","",F44*J44*L44) -> 336
F45: 7 | H45: Má decapagem | I45: Coferência dos amperímetros das decapadoras | J45: 3 | K45: Conferir a marcação através de um alicate amperímetro | L45: 6 | M45: =IF(F45="","",F45*J45*L45) -> 126
C46: Barra Lubrificada | D46: Barra apresentando martensita na região da superfície | E46: Quebra da barra no dobramento a frio | F46: 7 | H46: Atrito do fio-máquina com a fieira durante o processo de trefilação devido à baixa lubrificação | I46: Verificação presença do óleo na fieira. | J46: 3 | K46: Inspeção visual | L46: 8 | M46: =IF(F46="","",F46*J46*L46) -> 168 | T46: =S46*R46*Q46 -> 0
T48: =Q48*R48*S48 -> 0
C54: Medição de empeno das barras conforme procedimento | D54: Medição incorreta das barras | E54: Liberação de material fora do especificado para empeno | F54: 6 | H54: Falha de detalhamento da atividade no procedimento | I54: De acordo com procedimentos do SIG | J54: 3 | K54: Medição do empeno do material conforme procedimentos operacionais | L54: 6 | M54: =L54*J54*F54 -> 108 | T54: =PRODUCT(Q54:S54) -> 0
T55: =PRODUCT(Q55:S55) -> 0
T56: =PRODUCT(Q56:S56) -> 0
C57: Velocidade de trefilação adequada para o processo | D57: Falha no cadastro do material com velocidade inadequada | E57: Barra empenada | F57: 7 | H57: Cadastro inadequado da velocidade de trefilação do material | I57: Verificação da velocidade no MES | J57: 5 | K57: Inspeção visual ou no gestão à vista das máquinas | L57: 5 | M57: =F57*J57*L57 -> 175 | T57: =Q57*R57*S57 -> 0
C59: Correto funcionamento do sistema de freio do motor do porta fieira | D59: Falha na embreagem do sistema de freios | E59: Barra empenada | F59: 7 | H59: Desgaste prematuro da embreagem | I59: Monitoramento do desgaste da embreagem | J59: 3 | K59: Medição de empeno da barra | L59: 6 | M59: =F59*J59*L59 -> 126
A60: 7 | B60: Trefilar matéria-prima | C60: Fieira alinhada | D60: Processo de tração inconforme: ângulo de entrada da fieira incorreto | E60: Empeno da barra | F60: 7 | H60: Falha na regulagem pelo operador | I60: Treinamento do operador | J60: 4 | K60: Inspeção do alinhamento pela manutenção | L60: 5 | M60: =IF(F60="","",F60*J60*L60) -> 140 | T60: =IF(Q60="","",Q60*R60*S60)
T61: =IF(Q61="","",Q61*R61*S61)
T62: =IF(Q62="","",Q62*R62*S62)
T63: =IF(Q63="","",Q63*R63*S63)
T64: =Q64*R64*S64 -> 0
T65: =Q65*R65*S65 -> 0
T66: =Q66*R66*S66 -> 0
C67: Lista Técnica Conforme | D67: Histórico incorreto do componente | E67: Material fora do padrão | F67: 8 | H67: Erro na determinação da lista técnica | I67: Conferência na Banca técnica | J67: 3 | K67: Verificação após a elaboração da lista | L67: 5 | M67: =F67*J67*L60 -> 120 | T67: =Q67*R67*S67 -> 0
C68: Utilizar fieira com geometria adequada | D68: Barras com retilineidade conforme especificado | E68: Barras empenadas | F68: 7 | H68: Fieiras utilizadas com geometria irregular | I68: Fieiras recuperadas de forma adequada | J68: 3 | K68: Inspeção operacional | L68: 5 | M68: =F68*J68*L68 -> 105 | T68: =PRODUCT(Q68:S68) -> 0
A69: 7 | B69: Trefilar matéria-prima | C69: Utilizar fieira com geometria correta | D69: Processo de tração inconforme | E69: Empeno da barra | F69: 7 | H69: Compra incorreta da fieira | I69: Conferência das fieiras após a compra | J69: 3 | K69: Inspeção Visual do Operador | L69: 5 | M69: =F69*J69*L69 -> 105 | T69: =Q69*R69*S69 -> 0
D70: Defeito tipo Chevron | E70: Barra com menor resistência: trincas | F70: 8 | H70: ângulo de entrada da fieira incorreto e segregação na matéria prima | I70: Utilização de fieiras de 14º conforme indicado na op | J70: 4 | K70: Ensaio de ultrassom nos materiais 184244 | L70: 6 | M70: =F70*J70*L70 -> 192 | T70: =Q70*R70*S70 -> 0
T71: =Q71*R71*S71 -> 0
T72: =Q72*R72*S72 -> 0
T73: =Q73*R73*S73 -> 0
C74: Fieira com diâmetro correto | D74: Bitola fora da faixa de tolerância especificada | E74: Material não conforme | F74: 8 | H74: Falha na escolha da fieira pelo operador | I74: Treinamento dos operadores | J74: 3 | K74: Medição do diâmetro do material com micrômetro de acordo com o procedimento | L74: 6 | M74: =IF(F74="","",F74*J74*L74) -> 144 | T74: =Q74*R74*S74 -> 0
T75: =Q75*R75*S75 -> 0
C76: Descartar a ponta do FM/barra | D76: Falha de descarte na ponta do FM/barra com marcas do mordente | E76: Descontinuidades superficiais: marcas do mordente | F76: 7 | H76: Atividade de descarte da ponta após o primeiro trenó não procedimentada. | I76: Treinamento dos operadores | J76: 3 | K76: Inspeção por corrente parasita | L76: 6 | M76: =IF(F76="","",F76*J76*L76) -> 126 | T76: =Q76*R76*S76 -> 0
N77: Estabelecer no procedimento operacional (GPSA FBA PO 0057) a obrigatoriedade de descarte das 4 primeiras em todo ínicio de processo e após a ocorrência de falhas elétricas Correção da falha de atuação do mordente do cachorro (pushpoint) (PLA202506GPSA0017) | O77: Tulio Artur | P77: 10/05 06/04 | Q77: 7 | R77: 3 | S77: 5 | T77: =Q77*R77*S77 -> 105
A78: 7 | B78: Trefilar matéria-prima | C78: Roletes do trenó conforme especificação: sem deformação | D78: Roletes do trenó com deformação | E78: Descontinuidades superficiais marcas de mordente | F78: 7 | H78: Final de vida útil dos roletes | I78: Monitoramento do desgaste dos roletes | J78: 3 | K78: Inspeção por corrente parasita | L78: 6 | M78: =IF(F78="","",F78*J78*L78) -> 126 | T78: =Q78*R78*S78 -> 0
T79: =Q79*R79*S79 -> 0
C80: Trenós sincronizados | D80: Perda de sincronismo nos trenós | E80: Marcas longitudinais | F80: 7 | H80: Came e/ou correia de sincronismo fora do ponto | I80: Monitoramento do sincronismo dos trenós | J80: 3 | L80: 6 | M80: =IF(F80="","",F80*J80*L80) -> 126 | T80: =IF(Q80="","",Q80*R80*S80)
C81: Mordentes em condições adequadas | D81: Fechamento excessivo dos mordentes | E81: Marcas longitudinais | H81: Falha de regulagem dos cilindros hidráulico e pneumático pelo operador | I81: Treinamento dos operadores
D82: Abertura excessiva dos mordentes | E82: Marcas longitudinais | H82: Falha de regulagem dos mordentes pelo operador | I82: Treinamento dos operadores
D83: Aderência de material nos mordentes | E83: Marcas longitudinais | H83: Falha de regulagem dos mordentes pelo operador | I83: Treinamento dos operadores
D85: Aderência de material nos mordentes | E85: Marcas longitudinais | F85: 7 | H85: Falta de sistemática de verificação dos mordentes de tração na condição de incrustação de materia | I85: Procedimento operacional e treinamento dos operadores | J85: 3 | L85: 6 | M85: =F85*J85*L85 -> 126 | T85: =Q85*R85*S85 -> 0
H86: Falta de sistemática de verificação do cilindro pneumático do trenó de tração | I86: Manutenção preventiva
H87: Falta de sistemática de verificação dos mordentes de tração na condição de incrustação de materia | I87: Procedimento operacional e treinamento dos operadores
C88: Ensaio de acordo com a especificação | D88: Divergencia do resultado de ensaio. | E88: Produto fora do especificado | F88: 6 | H88: Calibração dos equipamentos de ensaios físicos vencidas | I88: Calibração periódica dos equipamentos | J88: 3 | K88: Realização da contra-prova. | L88: 6 | M88: =IF(F88="","",F88*J88*L88) -> 108
C89: Tesoura de corte da máquina ajustada corretamente | D89: Falha no corte da máquina. | E89: Rebarba no material | F89: 6 | H89: Falha na sistema de aperto do parafuso da tesoura | I89: Check list inspeção de pre uso | J89: 3 | K89: Inspeção de qualidade na saída do material | L89: 6 | M89: =L89*J89*F89 -> 108 | T89: =S89*R89*Q89 -> 0
E90: Comprimento fora da faixa de tolerância | F90: 6 | H90: Falha no tempo do acoplamento da embreagem | I90: Manutenção Preventiva da máquina de trefilar | J90: 3 | K90: Medição do comprimento do material com uma trena de acordo com procedimento | L90: 5 | M90: =IF(F90="","",F90*J90*L90) -> 90 | T90: =Q90*R90*S90 -> 0
C91: Borracha de vedação do trenó de tração em condições adequadas | D91: Variação no corte | E91: Comprimento fora da faixa de tolerância | F91: 6 | H91: Mau funcionamento do trenó de tração:borracha de vedação desgastada | J91: 3 | K91: Medição do comprimento do material | L91: 5 | M91: =IF(F91="","",F91*J91*L91) -> 90 | T91: =Q91*R91*S91 -> 0
T92: =Q92*R92*S92 -> 0
C93: Jateamento adequado de granalha | D93: Má decapagem | E93: Defeito superficial no material | F93: 7 | H93: Jato fora de foco | I93: Regulagem do ponto quente | J93: 3 | K93: Medir nível de abrasivo | L93: 4 | M93: =IF(F93="","",F93*J93*L93) -> 84 | T93: =Q93*R93*S93 -> 0
C94: Óleo lubrificante em condições adequadas | D94: Falha de lubrificação nos trenós | E94: Defeito superficial no material | F94: 7 | H94: Má lubrificação dos trenós de tração | I94: Equipamento desarma (Controle de temperatura dos trenós - PIMS) | J94: 6 | K94: Inspeção Visual | L94: 8 | M94: =IF(F94="","",F94*J94*L94) -> 336 | N94: Instalar alerta visual no equipamento, no sistema de tração, que indique que o equipamento está com temperatura alta devido a falha de lubrificação. Inserir no sistema PIMS o monitoramento da temperatura dos trenós de tração, possibilitando o desligamento do equipamento caso ultrapasse 60ºC e atuação da equipe de manutenção. (PLA202506GPSA0011) | O94: Artur - 16/05/2025 Artur - 16/05/2025 | P94: 09/05/2025 08/05/2025 | Q94: 6 | R94: 5 | S94: 8 | T94: =Q94*R94*S94 -> 240
C95: Óleo lubrificante isento de contaminação | D95: óleo sujo / contaminado | E95: Oxidação prematura das barras | F95: 8 | H95: Ausência de sistematica de limpeza dos reservatórios | I95: Ordem de Serviço Manutenção | J95: 4 | K95: Inspeção Visual | L95: 8 | M95: =F95*J95*L95 -> 256 | T95: =Q95*R95*S95 -> 0
C96: Produto dentro das especificações | D96: Falha na inspeção do material | E96: Material não conforme | F96: 6 | H96: Falta de informações nos sistemas para alerta na operação | I96: Porcedimento e Ordem de produção | J96: 3 | K96: Conferência da OP e do procedimento | L96: 7 | M96: =L96*J96*F96 -> 126 | T96: =Q96*R96*S96 -> 0
T97: =Q97*R97*S97 -> 0
D98: Falha no cadastro do material | E98: Etiqueta com informações erradas | F98: 6 | H98: Cadastro incorreto do código do material | I98: De acordo com procedimento disponível no SIG | J98: 3 | K98: Conferência da etiqueta com a OP | L98: 7 | M98: =L98*J98*F98 -> 126 | T98: =Q98*R98*S98 -> 0
A99: 8 | B99: Inspecionar Barras por Corrente Parasita | C99: Garantir através de análise por ensaio não destrutivo, separação de defeitos superficiais longitudinais e transversais e sem magnetismo | D99: Inspeção com sensibilidade baixa | E99: Liberação de barras com defeito acima do especificado | F99: 8 | H99: Ajuste incorreto da escala de bitola ou da sonda. | I99: Conforme procedimento específico | J99: 2 | K99: Elevada segregação do material | L99: 2 | M99: =F99*J99*L99 -> 32 | T99: =Q99*R99*S99 -> 0
H100: Parâmetro de ajuste para detecção do defeito abaixo da faixa de rejeição. | I100: Conforme procedimento específico
D101: Cobertura da inspeção insuficiente (não varre 100% do material) | E101: Liberação de barras com defeito acima do especificado | H101: Uma ou mais sondas com defeito | I101: Conforme procedimento específico | K101: Segregação do material
H102: Falha na aferição do equipamento de inspeção | I102: Conforme procedimento específico | T102: =Q102*R102*S102 -> 0
D103: Barra magnetizada | E103: Parada de processo no cliente | F103: 6 | H103: Queima da placa de potência do desmagnetizador | I103: Plano de manutenção do conjunto de inspeção | J103: 4 | K103: Medição 100% dos feixes que exigem controle de magnetismo utilizando o gaussímetro | L103: 6 | M103: =F103*J103*L103 -> 144 | T103: =Q103*R103*S103 -> 0
H104: Não funcionamento do desmagnetizador | I104: Plano de manutenção do conjunto de inspeção | N104: Criar OS para Ajustar o parâmetro do sistema de intertravamento do desmagnetizador e tração da trefila Schumag 908. PLA202408AT0002 | O104: Artur - 28/02/2025 | P104: 45707 | Q104: 6 | R104: 3 | S104: 6 | T104: =Q104*R104*S104 -> 108
H105: Falha na verificação do funcionamento do desmagnetizador | I105: Conforme procedimento específico | T105: =Q105*R105*S105 -> 0
H106: Falha na regulagem do desmagnetizador | I106: Conforme procedimento específico
D107: Falha elétrica | E107: Liberação de barras com defeito | F107: 8 | H107: Falha no painel IHM | I107: Conforme procedimento específico | J107: 3 | K107: Inspeção visual | L107: 7 | M107: =PRODUCT(L107,J107,F107) -> 168 | T107: =Q107*R107*S107 -> 0
D108: Falta de ar comimprido | E108: Liberação de barras com defeito acima do especificado | F108: 8 | H108: queda de ar comprimido da rede da máquina, | I108: Conforme procedimento específico | J108: 3 | K108: Conforme instrução no procedimento | L108: 2 | M108: =F108*L108*J108 -> 48 | T108: =Q108*R108*S108 -> 0
A109: 9 | B109: Cortar barras - Schumags | C109: Obter material no comprimento previsto e com boa qualidade no corte e garantir que não tenha mistura de material | D109: Comprimento mal ajustado | E109: Comprimento fora da faixa de tolerância | F109: 7 | H109: Falha no setup do comprimento pelo operador / máquina | I109: Medição da primeira barra do set-up. | J109: 4 | K109: Medição do comprimento do material com uma trena de acordo com procedimento | L109: 6 | M109: =(F109*J109*L109) -> 168 | T109: =IF(Q109="","",Q109*R109*S109)
T110: =IF(Q110="","",Q110*R110*S110)
D112: Utilização de navalha gasta ou com folga | E112: Material com rebarba de corte/mascado | F112: 6 | H112: Falha na escolha da bucha de corte pelo operador | I112: Identificação das buchas de corte | J112: 3 | K112: Inspeção Visual | L112: 7 | M112: =F112*J112*L112 -> 126
...

Sheet Plano de Controle - Schumag
F1: ArcelorMittal - Sabará Diretoria de Trefilação | AN1: CÓDIGO: | AR1: =Capa!P1 -> DTREF SGI DD 0007
AN2: REVISÃO: | AR2: =Capa!P2 -> 22
AN3: DATA REVISÃO: | AR3: =Capa!P3 -> 45954
AN4: PÁGINA: | AR4: 4 de 8
A5: PLANO DE CONTROLE
A6: OPERAÇÃO | F6: Máquina - Dispositivo | J6: CARACTERÍSTICA | T6: MÉTODOS | AN6: Controle Registro | AR6: Plano de Reação
A7: Nº | B7: Descrição | J7: Tipo | K7: Produto | P7: Processo | T7: Especificação de Engenharia | X7: Meio de Controle | AC7: MSA | AD7: Doc.Técnica Referência | AH7: Amostra
AH8: Tamanho | AK8: Frequência
A9: 1 | B9: Receber e inspecionar FM | F9: Carreta tipo colmeia, rolos protegidos por revestimento de borracha | K9: Aspecto físico | T9: Condiçoes do material, estado físico (oxidação e riscos) e forma do rolo (embalagem e identificação) | X9: Inspeção visual | AC9: X | AD9: De acordo com procedimentos específicos do SIG. | AH9: Todos os rolos | AK9: 1 | AN9: Check List no Recebimento | AR9: Segregar material e avisar a Supervisão
J10: (CC) | K10: Composição química | T10: Conformidade com o Certificado de Qualidade | X10: Conferencia do Certificado de Qualidade | AD10: Certificado de Qualidade | AH10: Molas Amortecedores | AK10: 1 por dia | AN10: Planilha Controle de Verificação | AR10: Segregar material e contactar fornecedor para correção do Certiifcado de Qualidade
P11: Conferencia de NF | T11: Nota Fiscal em conformidade com a etiqueta | X11: Fazer a entrada da nota fiscal via coletor | AD11: De acordo com procedimentos. | AH11: Todos os rolos | AK11: 1 | AN11: Sistema informatizado - SAP | AR11: Segregar material e avisar a Supervisão
P12: Inspecionar FM | T12: FM sem danos mecânicos | X12: Auditoria | AD12: Conforme sistemática estabelecida | AH12: Descarregamento | AK12: Mensal | AN12: Formulário de auditoria | AR12: Segregar e acionar fornecedor
A13: 2 | B13: Armazenar rolos de FM | F13: Pátio de armazenamento específico | K13: Rolos identificados conforme local de estocagem. | T13: Identificação conforme | X13: Inventário rotativo | AD13: De acordo com pocedimento operacional | AH13: Todos carregamentos | AK13: 1 | AN13: Sistema informatizado - SAP | AR13: Reposicionar material conforme identificação.
P14: Empilhamento dos rolos no local adequado | T14: Empilhamento de 3 rolos sobre berços de madeira e separadores de papelão conforme especificado. | X14: Acompanhamento do supervisor durante a estocagem | AD14: De acorodo com Pocedimento operacional | AH14: Rolos de Fio Máquina | AK14: 1 | AN14: S/ Registro | AR14: Remanejar FM
A15: 3 | B15: Programar Fabricação | F15: Micro Computador | K15: FM disponível no sistema | T15: Conforme especificação técnica do cadastro do material no SAP. | X15: Sistema Informatizado - SAP | AD15: *Sistema Informatizado - SAP *MES | AH15: Todo FM | AK15: 1 | AN15: Sistema Informatizado - SAP | AR15: Revisar cadastro de produto no sistema informatizado
P16: Elaboração de Ordem de Produção | T16: Programação conforme planejamento de produção | X16: Conferencia de geração da OP | AD16: Sistema Informatizado - SAP | AH16: Toda OP | AK16: 1 | AN16: Sistema Informatizado - SAP | AR16: Revisão na programação do material.
A17: 4 | B17: Abastecer Máquima | F17: Empilhadeira e ponte rolante | K17: Tipo de aço, bitola, corrida e número do rolo | T17: Conformidade com especificação técnica da OP | X17: Coerência da OP e a etiqueta do FM | AD17: De acordo com procedimentos do SIG | AH17: 1 amostra por rolo de FM | AK17: 100 % | AN17: Sistema informatizado - Sap | AR17: Segregar material e avisar supervisão
K18: Materia prima com nível de oxidação e aspecto superficial e ambalagem aceitáveis | T18: Oxidação, riscos e condições de embalagem | X18: Inspeção Visual | AC18: X | AD18: De acordo com procedimentos do SIG | AH18: Todos os rolos de FM | AK18: 100 % | AN18: Sistema informatizado - SAP | AR18: Segregar material e avisar supervisão
J19: (CC) | P19: Etiqueta legível e não danificada | T19: Rolos conforme solicitado na OP | X19: - Leitor ótico - Sistema informatizado | AD19: De acordo com procedimentos específicos do SIG. | AH19: Todos os rolos de FM | AK19: 100 % | AN19: Sistema informatizado - SAP | AR19: Segregar material e avisar supervisão
A20: 5 | B20: Pré-Endireitar Materia Prima | F20: Pré-endireitadores | K20: FM desempenado | T20: FM endireitado | X20: Passar pela guia (funil) de entrada da decapadora | AD20: De acordo com procedimentos específicos do SIG. | AH20: Todos os rolos de FM | AK20: 100 % | AN20: Sem registro | AR20: Conforme procedimentos
K21: FM isento de defeitos superficiais | T21: FM isento de defeitos superficiais | X21: Inspeção por corrente parasita | AD21: De acordo com procedimentos específicos do SIG. | AH21: Todos os rolos de FM | AK21: 100 % | AN21: Sem registro | AR21: Conforme procedimentos
P22: Ajuste das roldanas dos pré-endireitadores | T22: Roldanas ajustadas conforme FM em processo | X22: Check list das peças | AD22: De acordo com procedimentos específicos do SIG. | AH22: Toda OP | AK22: 100 % | AN22: Sistema informatizado - MES | AR22: Conforme procedimentos
P23: Nível de desgaste e limpeza das roldanas | T23: Roldanas em estado de uso sem afetar a qualidade superficial do FM | X23: Roldanas sem desgaste | AD23: De acordo com procedimentos específicos do SIG. | AH23: Todos os FM | AK23: 100 % | AN23: Sem registro | AR23: Conforme procedimentos
A24: 6 | B24: Decapar Materia Prima | F24: Decapadora | K24: Superfície limpa e sem manchas | T24: Carepa removida | X24: Inspeção visual | AD24: De acordo com procedimentos específicos do SIG. | AH24: Todos os FM | AK24: 100 % | AN24: Sem registro | AR24: Segregar material e avisar supervisão
P25: Abastecimento de granalha por controle da amperagem | T25: Amperímetro entre 20 e 37 ampéres | X25: Amperímetro | AD25: De acordo com procedimentos específicos do SIG. | AH25: Durante a troca de turno | AK25: 100 % | AN25: Controle da variável pelo check list do MES | AR25: Checar decapadora, Checar fio máquina, Checar granalha e informar a supervisão.
T26: Schumag 907 entre 10 a 37 ampéres
A27: 7 | B27: Trefilar matéria prima | F27: Bloco trefilador | P27: Fieria lubrificada | T27: lubrificação adequada para evitar quebra | X27: Inspeção visual | AD27: De acordo com procedimentos específicos do SIG. | AH27: Troca de turno ou interrupção/fechamento da válvula | AK27: 1 | AN27: Check list MES | AR27: Checar nível do óleo, funcionamento da bomba e informar a supervisão
K28: Material conforme bitola | T28: Material com qualidade superficial conforme tolerância de bitola. | X28: Micrômetro | AC28: X | AD28: De acordo com procedimentos específicos do SIG. | AH28: 1 amostra de barra | AK28: 100% | AN28: Certificado de Qualidade | AR28: Segregar material e avisar a supervisão
P29: Redução do material conforme requerido no processo | T29: Matéria-prima requerida no processo | X29: Verificação de FM e fieira para o processo | AD29: De acordo com procedimentos específicos do SIG. | AH29: Toda OP | AK29: 100% toda parada de linha | AN29: S/ Registro | AR29: Regulagem da máquina e avisar supervisão
A30: 8 | B30: Inspecionar Barras por Corrente Parasita | F30: Circograph | K30: Barras com defeito longitudinal dentro do especificado | T30: Ganho em Db's de acordo com catálogo do material | X30: Informação no monitor da inspeção online | AD30: Informação na biblioteca do equipamento | AH30: Todas as barras | AK30: 100 % | AN30: Base de dados do sistema de inspeção | AR30: Avisar a supervisão Informar a supervisão e segregar material
P31: Aferição na inspeção automática | T31: Realizar a atividade de aferição conforme procedimento operacional | X31: Informações conforme relatório de aferições | AD31: De acordo com procedimento específicos do SIG | AH31: Todos os equipamentos de inspeção | AK31: 1x a mês | AN31: Conforme relatório das aferições | AR31: Segregar material
P32: Ajuste do equipamento de inspeção automática | T32: Ajuste conforme procedimento operacional | X32: Informação no monitor da inspeção online | AD32: De acordo com procedimentos específicos do SIG. | AH32: Todas as OP's | AK32: 100 % | AN32: Base de dados do sistema de inspeção | AR32: Regular sensibilidade conforme defeito detectado
F33: Defectomat | K33: Barras com defeito longitudinal dentro do especificado | T33: Ganho em Db's de acordo com catálogo do material | X33: Informação no monitor da inspeção online | AD33: Informação na biblioteca do equipamento | AH33: Todas as barras | AK33: 100 % | AN33: Base de dados do sistema de inspeção | AR33: Avisar a supervisão Informar a supervisão e segregar material
P34: Aferição na inspeção automática | T34: Realizar a atividade de aferição conforme procedimento operacional | X34: Informações conforme relatório de aferições | AD34: De acordo com procedimento específicos do SIG | AH34: Todos os equipamentos de inspeção | AK34: 1x a mês | AN34: Conforme relatório das aferições | AR34: Segregar material
P35: Ajuste do equipamento de inspeção automática | T35: Ajuste conforme procedimento operacional | X35: Informação no monitor da inspeção online | AD35: De acordo com procedimentos específicos do SIG. | AH35: Todas as OP's | AK35: 100 % | AN35: Base de dados do sistema de inspeção | AR35: Regular sensibilidade conforme defeito detectado
F36: Desmagnetizador | K36: Barras com magnetismo dentro do especificado | T36: Conforme Ordem de Produção | X36: Magnetismo | AD36: De acordo com procedimentos específicos do SIG. | AH36: Todos os lotes | AK36: 100 % toda parada de linha | AN36: Sistema informatizado - MES | AR36: Informar a supervisão e segregar material
P37: _Regulagem do desmagnetizador _Verificar funcionamento | T37: Conforme Ordem de Produção | X37: Magnetismo | AD37: De acordo com procedimentos específicos no SIG. | AH37: _Todos os lotes _Toda parada de linha | AK37: 100 % | AN37: Sistema informatizado - MES | AR37: Acionar a manutenção e supervisores
A38: 9 | B38: Cortar barras - schumags | F38: Tesoura | K38: Barra no comprimento especificado | T38: Conforme Ordem de produção | X38: Trena | AC38: X | AD38: De acordo com procedimentos específicos no SIG. | AH38: 1 barra | AK38: cada 500kg | AN38: Sistema informatizado - MES | AR38: Segregar material e avisar a supervisão
K39: Sem rebarba | T39: Barras sem rebarba | X39: Inspeção Visual | AC39: X | AD39: De acordo com procedimentos específicos no SIG. | AH39: Todo lote | AK39: 1 | AN39: Sistema informatizado - MES | AR39: Substituição da Bucha de Corte
P40: Setup do comprimento | T40: Corte no comprimento especificado conforme Ordem de Produção | X40: Trena | AC40: X | AD40: De acordo com procedimentos específicos no SIG. | AH40: 1 barra | AK40: cada 500kg | AN40: Sistema informatizado - MES | AR40: Ajuste do sistema de corte
P41: Regulagem do ferramental | T41: Escolha da bucha de corte conforme material/OP | X41: Análise do estado de conservação da bucha de corte | AD41: De acordo com procedimentos específicos no SIG. | AH41: Toda OP | AK41: 1 | AN41: S/ Registro | AR41: Substituição da Bucha de Corte
A42: 10 | B42: Endireitar / Polir e inspecionar barras | F42: Rolos da polideira | K42: Barra desempenada | T42: Conforme requisito do cliente constante na OP | X42: Relógio comparador | AC42: X | AD42: De acordo com procedimentos específicos do SIG. | AH42: 1 barra | AK42: cada 500kg | AN42: Sistema Informatizado - MES | AR42: Segregar material e avisar a supervisão
K43: Barra isenta de defeitos superficiais | T43: Barras sem defeitos superficiais (riscos longitudinais e helicoidais) | X43: Inspeção visual | AC43: X | AD43: De acordo com procedimentos específicos do SIG. | AH43: Todo lote | AK43: 1 | AN43: Check -list | AR43: Segregar material e localizar a origem do defeito
P44: Avaliação das condições das roldanas do pré-acelerador | T44: Rolos isentos de irregularidades e ferro agarrado. | X44: Identificação de defeito superficial. | AD44: De acordo com procedimentos específicos no SIG. | AH44: 1 vez | AK44: Turno | AN44: Check -list | AR44: Troca dos rolos
P45: Regulagem do ângulo pelo operador | T45: Regulagem atendendo as tolerâncias de empeno da OP | X45: Monitor painel da máquina | AD45: De acordo com procedimentos específicos do SIG. | AH45: Toda OP | AK45: 1 | AN45: S/ registro | AR45: Ajuste do ângulo dos rolos endireitadores
F46: Buchas / Discos | K46: Barra desempenada | T46: Conforme requisito do cliente constante na OP | X46: Relógio comparador | AC46: X | AD46: De acordo com procedimentos específicos do SIG. | AH46: 1 barra | AK46: cada 500kg | AN46: Sistema Informatizado - MES | AR46: Segregar material e avisar a supervisão
P47: Regulagem do ângulo pelo operador | X47: Relógio comparador | AD47: De acordo com procedimentos específicos no SIG. | AH47: Toda OP | AK47: 1 | AN47: S/ registro | AR47: Ajuste do sistema de corte
F48: Relógio comparador | K48: Retilinidade conforme OP | T48: Conforme requisito do cliente e constante na OP | X48: Relógio comparador | AC48: X | AD48: De acordo com procedimentos específicos no SIG. | AH48: 1 barra | AK48: cada 500kg | AN48: Sistema Informatizado- MES | AR48: Segregar material, realizar regulagem dos rolos da polideira e dos endireitadores, e trocar fieira, se necessário.
P49: Medição manual/setup | T49: Instrumento calibrado e em bom estado de funcionamento | X49: Relógio comparador | AC49: X | AD49: De acordo com procedimentos específicos do SIG. | AH49: Toda OP | AK49: 1 | AN49: Sistema Informatizado- MES | AR49: Acionar laboratório p/ susbstituição do instrumento
F50: Micrômetro | K50: Bitola e Ovalização conforme OP | T50: Conforme requisito do cliente e constante na OP | X50: Micrômetro | AC50: X | AD50: De acordo com procedimentos específicos no SIG. | AH50: 1 barra | AK50: cada 500kg | AN50: Sistema Informatizado- MES | AR50: Segregar material, realizar regulagem dos rolos da polideira, e trocar fieira, se necessário.
P51: Medição manual/setup | T51: Instrumento calibrado e em bom estado de funcionamento | X51: Micrômetro | AC51: X | AD51: De acordo com procedimentos específicos do SIG. | AH51: Toda OP | AK51: 1 | AN51: Sistema Informatizado- MES | AR51: Acionar laboratório p/ susbstituição do instrumento
F52: Gaussímetro | K52: Magnetismo conforme OP | T52: Conforme requisito do cliente e constante na OP | X52: Gaussímetro | AD52: De acordo com procedimentos específicos no SIG. | AH52: Toda OP | AK52: cada 500kg | AN52: Sistema Informatizado- MES | AR52: Segregar material e realizar regulagem na inspeção
P53: Medição manual/setup | T53: Instrumento calibrado e em bom estado de funcionamento | X53: Gaussímetro | AD53: De acordo com procedimentos específicos no SIG. | AH53: conforme OP | AK53: 1 | AN53: Sistema Informatizado- MES | AR53: Acionar laboratório p/ susbstituição do instrumento
F54: Trena | T54: Conforme requisito do cliente e constante na OP | X54: Trena | AC54: X | AD54: De acordo com procedimentos específicos no SIG. | AH54: 1 barra | AK54: cada 500kg | AN54: Sistema Informatizado- MES | AR54: Segregar material e realizar regulagem na tesoura
P55: Medição manual/setup | T55: Instrumento calibrado e em bom estado de funcionamento | X55: Trena | AC55: X | AD55: De acordo com procedimentos específicos no SIG. | AH55: Toda OP | AK55: 1 | AN55: Sistema Informatizado- MES | AR55: Acionar laboratório p/ susbstituição do instrumento
A56: 11 | B56: Retíficar Barras (Caso necessário) | F56: Retifica | K56: Barras sem defeitos superficiais | T56: Barras sem defeitos superficiais (riscos longitudinais e helicoidais) | X56: Inspeção visual | AD56: De acordo com procedimento específico no SIG | AH56: 1 barra | AK56: a cada 10 barras, conforme procedimento | AN56: Sistema Informatizado- MÊS condição da barra | AR56: Segregar material e avisar a supervisão/ Laboratorio
P57: Controle de concentração da emulsão | T57: Conforme requisito descrito no procedimento | X57: Através do laudo de controle de emulsão realizado pela empresa terceira | AD57: De acordo com procedimentos especificos da máquina | AH57: 1X | AK57: Semanal | AN57: Conforme laudo técnico da empresa | AR57: Segregar material e avisar a supervisão/ Laboratorio
K58: Material conforme bitola e comprimento requerido | T58: Conforme requisito do cliente e constante na OP | X58: Micrômetro e Trena | AC58: X | AD58: De acordo com procedimentos específicos no SIG. | AH58: 1 barra | AK58: a cada 10 barras, conforme procedimento | AN58: Sistema Informatizado- MES | AR58: Segregar material e avisar a supervisão/ Laboratorio
P59: Controle da espessura das réguas | T59: Conforme faixa de espessura, respeitando o armário ferramental | X59: Micrômetro | AC59: X | AD59: De acordo com procedimentos específicos no SIG. | AH59: 1 x | AK59: A cada troca de ferramenta na máquina | AN59: NA | AR59: Acionar a supervisão
P60: Setup do equipamento e regulagem do ferramental | T60: Regulagem conforme requerido no processo | X60: Trena | AC60: X | AD60: De acordo com procedimentos específicos no SIG. | AH60: 1 barra | AK60: a cada 10 barras, conforme procedimento | AN60: Sistema Informatizado- MES | AR60: Conferir desgaste do rebolo e das paças da Maquina
A61: 12 | B61: Cortar Barras - Prensas | F61: Prensas de corte | K61: Barras na bitola especificada | T61: Conforme requisito do cliente e constante na OP | X61: Micrômetro | AC61: X | AD61: De acordo com procedimentos específicos no SIG. | AH61: 1 barra | AK61: feixe | AN61: Sistema Informatizado- MES | AR61: Segregar material e avisar a Supervisão e Laboratório.
K62: Barras na retilinidade especificada | T62: Conforme requisito do cliente e constante na OP | X62: Relógio comparador | AC62: X | AD62: De acordo com procedimentos específicos no SIG. | AH62: 1 barra | AK62: feixe | AN62: Sistema Informatizado- MES | AR62: Segregar material e avisar a Supervisão e Laboratório.
T63: sem empeno | X63: Empeno | AC63: X | AD63: De acordo com procedimentos específicos no SIG. | AH63: Toda OP | AK63: 1 | AN63: Sistema Informatizado- MES | AR63: Segregar material e avisar a Supervisão e Laboratório.
K64: Barras no comprimento especificado | T64: Corte no comprimento especificado conforme Ordem de Produção | X64: Trena laser | AC64: X | AD64: De acordo com procedimentos específicos no SIG. | AH64: 1 barra | AK64: turno/programa | AN64: Sistema Informatizado- MES | AR64: Segregar material e avisar a Supervisão e Laboratório.
X65: Trena | AC65: X | AD65: De acordo com procedimentos específicos no SIG. | AH65: 1 barra | AK65: feixe | AN65: Sistema Informatizado- MES | AR65: Segregar material e avisar a Supervisão e Laboratório.
K66: Barras sem defeitos superficiais | T66: Barras Sem rebarba e sem defeitos superficiais (riscos longitudinais e helicoidais) | X66: Inspeção Visual | AC66: X | AD66: De acordo com procedimentos específicos no SIG. | AH66: Todo lote 1 barra | AK66: 100% feixe | AN66: S/ Registro MÊS | AR66: Substituição da Bucha de Corte
P67: Setup do comprimento | T67: Corte no comprimento especificado conforme Ordem de Produção | X67: Trena | AC67: X | AD67: De acordo com procedimentos específicos no SII. | AH67: 1 barra | AK67: feixe | AN67: Sistema informatizado - MES | AR67: Ajuste do sistema de corte
P68: Regulagem do ferramental | T68: Escolha da bucha de corte conforme material/OP | X68: Análise do estado de conservação da bucha de corte | AD68: De acordo com procedimentos específicos no SIG. | AH68: Toda OP | AK68: 1 | AN68: S/ Registro | AR68: Substituição da Bucha de Corte
F69: Balança | K69: Feixes de barras pesados | T69: Peso do feixe conforme OP. | X69: Feixe devidamente Pesado | AD69: De acordo com procedimentos específicos no SIG. | AH69: 1 Feixe | AK69: 1 | AN69: sistema informatizado MES | AR69: Utilizar obro equipamento
P70: Pesagem dos feixes | T70: Pesagem do feixe conforme OP | X70: Verificar com o peso padrão a conformidade da balança | AD70: De acordo com procedimentos específicos no SIG. | AH70: 1x | AK70: por dia | AN70: Check list | AR70: Calibração da balança
A71: 13 | B71: Embalar feixes de Barras | F71: Cavaletes e Máquinas de aperto | K71: Feixes de barras embalados | T71: Formato do feixe conforme requerido pelo cliente envolvidos com cinta de aço dentro peso especificado na OP. | X71: Feixe devidamente embalado | AD71: De acordo com procedimentos específicos no SIG. | AH71: 1 Feixe | AK71: 1 | AN71: S/ registro | AR71: Refazer a embalagem do feixe
P72: Cintamento do feixe de barras | T72: Embalagem do feixe garantindo formato e aperto seguro das barras. | X72: Feixe devidamente cintado | AD72: De acordo com procedimentos específicos no SIG. | AH72: 1 Feixe | AK72: 1 | AN72: S/ registro | AR72: Efetuar manutenção nas máquinas de aperto
A73: 14 | B73: Estocar Barras | F73: Área específica para armazenamento de produto acabado | K73: Feixes identificados | T73: Todo feixe deve estar identificado com etiqueta e em local apropriado | X73: Feixe devidamente identificado | AD73: De acordo com procedimentos específicos no SIG. | AH73: 1 Feixe | AK73: 1 | AN73: Sistema informatizado SAP | AR73: Inventário contábil e físico no caso de divergência e auditoria de produto.
P74: Armazenagem em cavalete próprio ou no piso com empilhamento máximo de 3 feixes | T74: Sem contato entre feixes | X74: Feixe sem marcas | AD74: De acordo com procedimentos específicos no SIG. | AH74: 1 Feixe | AK74: 1 | AN74: S/ registro | AR74: Remoção dos feixes e reorganização dos mesmos.
A75: 15 | B75: REALIZAR ENSAIOS LIBERATÓRIOS | F75: Durômetro | K75: Dureza do material dentro do especificado conforme cadastro | T75: Conforme requisito do cliente e cadastro no sistema MES | X75: Conformidade entre os dados obtidos com o ensaio e a tabela de dureza | AC75: X | AD75: Tabela de dureza | AH75: 1 amostra | AK75: 1 amostra por OP | AN75: Sistema informatizado MES | AR75: Segregar material e avisar supervisão
P76: Teste destrutivo com uso de equipamento mecânico | T76: Utilização de amostra de aprox. 50mm. | X76: Coleta de resultados de ensaio mecânico | AD76: De acordo com procedimentos específicos no SIG. | AH76: 1 amostra | AK76: 1 amostra por OP | AN76: Sistema informatizado MES | AR76: Retirada de outra amostra e realizar o teste novamente(reteste).
F77: Máquina Universal de ensaios mecânicos | K77: Características mecânicas do material dentro do especificado | T77: Conforme requisito do cliente e cadastro no sistema MES | X77: Conformidade entre os dados obtidos com o ensaio e o catálogo do produto | AC77: X | AD77: Catálogo do produto | AH77: 1 amostra | AK77: 1 amostra por OP | AN77: Sistema informatizado MES | AR77: Segregar
P78: Teste destrutivo com uso de equipamento mecânico | X78: Coleta de resultados de ensaio mecânico | AD78: De acordo com procedimentos específicos do SIG. | AH78: 1 amostra | AK78: 1 amostra por OP | AN78: Sistema informatizado MES | AR78: Retirada de outra amostra e realizar o teste novamente(reteste).
A79: 16 | B79: Expedir Barras | F79: Balança | J79: (CC) | K79: Material conforme especificado na Ordem de carregamento | T79: Atendimento da Ordem de Carregamento | X79: - Verificação da Ordem - Fagulhamento | AC79: X | AD79: De acordo com procedimentos específicos no SIG. | AH79: 1 Feixe | AK79: 1 | AN79: Ordem de embarque | AR79: Segregar material e avisar supervisão
P80: Conferência da etiqueta | T80: Feixes identificados conforme requerido na Ordem de embarque | X80: Utilização de coletor Selo de fagulhamento | AD80: De acordo com procedimentos específicos do SIG. | AH80: 1 Feixe | AK80: 1 | AN80: Sistema informatizado - SAP | AR80: Segregar material e avisar supervisão
K81: Material carregado conforme peso requerido na Ordem de carregamento | T81: Atendimento da Ordem de Carregamento | X81: Pesagem dos veiculos | AD81: De acordo com procedimentos específicos no SIG. | AH81: 1 Veiculo | AK81: Todo veiculo | AN81: Sistema informatizado - SAP | AR81: Retornar com o veiculo para acerto de carregamento
P82: Conferência dos veiculos carregados | T82: Pré-conferência do veículo e preparação para saída da unidade | X82: Conferência e imagem por câmera | AD82: De acordo com procedimentos específicos do SIG. | AH82: 1 Veiculo | AK82: Todo veiculo | AN82: Check-list | AR82: Ajuste do veículo nas condições adequadas e realização do check-list novamente
B84: Legenda
B85: (CS) | C85: = Característica Significativa
B86: (CC) | D86: = Características Críticas

Sheet Severidade
D1: ArcelorMittal - Sabará Diretoria de Trefilação | N1: CÓDIGO: | P1: =Capa!P1 -> DTREF SGI DD 0007
N2: REVISÃO: | P2: =Capa!P2 -> 22
N3: DATA REVISÃO: | P3: =Capa!P3 -> 45954
N4: PÁGINA: | P4: 5 de 8
A5: SEVERIDADE DO EFEITO NO PRODUTO

Sheet Ocorrência
D1: ArcelorMittal - Sabará Diretoria de Trefilação | N1: CÓDIGO: | P1: =Capa!P1 -> DTREF SGI DD 0007
N2: REVISÃO: | P2: =Capa!P2 -> 22
N3: DATA REVISÃO: | P3: =Capa!P3 -> 45954
N4: PÁGINA: | P4: 6 de 8
A5: OCORRÊNCIA DE CAUSA - PFMEA

Sheet Detecção
D1: ArcelorMittal - Sabará Diretoria de Trefilação | N1: CÓDIGO: | P1: =Capa!P1 -> DTREF SGI DD 0007
N2: REVISÃO: | P2: =Capa!P2 -> 22
N3: DATA REVISÃO: | P3: =Capa!P3 -> 45954
N4: PÁGINA: | P4: 7 de 8
A5: PROBABILIDADE DE DETECÇÃO POR CONTROLE DE PROCESSO

Sheet Histórico de Revisão
C1: ArcelorMittal - Sabará Diretoria de Trefilação | D1: CÓDIGO: | F1: =Capa!P1 -> DTREF SGI DD 0007
D2: REVISÃO: | F2: =Capa!P2 -> 22
D3: DATA REVISÃO: | F3: =Capa!P3 -> 45954
D4: PÁGINA: | F4: 8 de 8
A5: HISTÓRICO DE REVISÕES
B8: Revisão | C8: Alteração Realizada
B9: 37 | C9: *Plano de Controle: Para melhor visualização, detalhamento e compreensão, as características de produto e processo foram separadas em linhas distintas para cada operação. *FMEA: Ações realizadas na operação "Retificar Barras", como troca das réguas de bronze e instalação de iluminária na máquina. *FMEA: Ações realizadas na operação "Cortar Barras", como troca dos rolos de bronze por rolos de nylon.
B10: 38 | C10: *FMEA: Ações relacionadas a reclamação de oxidação das barras - Item 7 "Trefilar Matéria Prima" Requisito: "Óleo lubrificante isento de contaminação". Alterado também no Item: "10 - Endireitar / Polir e Inspecionar Barras" Requisito: "Óleo lubrificante isento de contaminação". *FMEA End. e Peeling: Conforme AA017/2018: Item 5 - "Pré-Endireitar/Skin Pass/Twisting rolls" Inserido novo modo de falha: Utilização dos rolos de laminação incorreto (Linhas 33,35,36 e37) *FMEA: Conforme plano de ação auditoria da Marelli 2017: alterado a definição da severidade (6) no modo de falha "empenamento" para os produtos Magneti Marelli define em nota 7 devido o amortecedor ficar inoperante com a falha apresentada.
B11: 39 | C11: *FMEA: Ações relacionadas a reclamação pintura de feixe - Itens 12 Cortar barras prensas (linha 140) e 16- Expedir barras (linha 172) *FMEA: Ações relacionadas a reclamação da fratura da mola helicoidal TK - Item 12 Cortar barras prensas (linhas 136 a 139) * Alterado em todas as abas a utilização do SIG como ferramenta para gestão de documentos, e não o SGI
B12: 40 | C12: *FMEA: Ações relacionadas a IATF Auditoria interna NC3 2019 - A sistemática de rastreabilidade de medição não encontra-se eficaz - Produção. Inserido no FMEA Schumag (Item 10) e no End e Pee (Item 07), para o modo de falha Instrumentos de medição não calibrados, a Ação de revisar o texto do MES para preenchimento dos códigos dos instrumentos de medição. *FMEA Schumag Inspecionar FM, inserido a ação para requisito matéria prima com qualidade a respeito do novo cargo do operador de processo responsável por inspecionar o FM
B13: 41 | C13: *FMEA Schumag: Ação relacionado a NC 3 Externa - Sistemática de produto NC - Retroalimentado com um novo requisito (Materia prima dentro de suas especificações de qualidade" para os processo "Retificar Barras (caso necessário)" e para o processo "Cortar Barra - prensas". Além do requisito, outros campos também foram inseridos do FMEA (Ações, Modo de Falha, Efeito, mecanismo de falhar e etc.) Linha 108 e 121 (Aproximadamente)
B14: 42 | C14: *Retroalimentado o FMEA e Plano de controle conforme NC IATF Auditoria Externa NC4 2019 - Falha na sistemática de calibração/verificação *Retroalimentado o FMEA conforme RNC da Rassini 078/19 - Dados da Etiqueta para os processos de Trefilar e Retifica com novo modo de Falha "Falha no cadastro do material"
B15: 43 | C15: *Retroalimentado o FMEA conforme RNC da Magneti Marelli - nº 15/19 - Jun/19 - Vazamento de óleo e gás * Retroalimentado o FMEA conforme RNC da Sogefi Argentina AA Sogefi Argentina Agosto/2019 QRQC N°464 - Empeno
B16: 44 | C16: *Retroalimentado o FMEA conforme NC da Marelli - AA Material empenado Magneti Marelli - B201900057364 - Setembro/2019 *Retroalimentado o FMEA conforme NC da Marelli - AA Material Magnetizado Magneti Marelli -B201900057363 - Setembro/2019 *Retroalimentado o FMEA conforme auditoria de produto realizado no corte pelo Cássio Martins
B17: 45 | C17: *Revisão da equipe principal
B18: 46 | C18: * Revisão das ações recomendadas
B19: 47 | C19: * Criação do FMEA Corte, Plano de controle Corte e Fluxo de processo corte
B20: 49 | C20: * Revisão do FMEA e Plano de controle para as atividades da retífica
... B24: 53 | C24: * Capacitar e recilclar os operadores nas questões relacionadas a medição dos produtos. Revisar o procedimento operacional acrescentando a verificação de comprimento com a trena a laser a cada troca de turno e ou troca de programa. * Revisão do FMEA e Plano de controle processo de fagulhamento * Melhoria no sistema MÊS - limpar dados
B25: Rev01 | C25: Adicionado o gaussímetro como instrumento de medição de magnetismo. Medições de ovalização Quantidade de cintas metálicas que impactam no empeno das barras.
B26: Rev02 | C26: Ações relacionadas ao empeno de barras trefiladas. Ações relacionadas a corte de barras no comprimento incorreto.
C29: Acrescentar verificação de lacres durante abastecimento e reação
C30: Acrescentar a área específica para retirada das etiquetas
C31: Limpar roleta durante troca
C32: Sequênciamento com cores diferentes para os materiais
B33: REV:07 | C33: RO 202227984 PLA202301AT0001 1) Realizar manutenção corretiva do cilindro do batente de corte 2) Realizar lubrificação das máquinas de acordo com o calendário 3) Inserir no alerta do sistema MES e na Ordem de Produção a mensagem de "Verificar topo e colar etiqueta de topo verificado" 4) Inserir as etiquetas de topo verificado nos feixes produzidos 5) Desenvolver novo sistema de batente para evitar as falhas de acionamento
B34: REV:08 | C34: RO 202339186 PLA202305AT0004 Estabelecer no procedimento operacional (GPSA FBA PO 0057) a obrigatoriedade de descarte das 4 primeiras em todo ínicio de processo e após a ocorrência de falhas elétricas Corrigir a falha no sistema elétrico da unidade de transporte da trefila
B35: REV:09 | C35: Revisão periódica
B36: REV:10 | C36: Revisão periódica
B37: REV:11 | C37: Revisão periódica
B38: REV:12 | C38: Revisão periódica
B39: REV:13 | C39: Revisão periódica
B40: REV:14 | C40: Revisão periódica
B41: REV:15 | C41: Revisão do modo de falha "barra magnetizada"
B42: REV:16 | C42: Revisão do modo de falha "barra com empeno fora de tolerância"
B43: REV:17 | C43: Revisão do modo de falha "Falha de lubrificação nos trenós"
B44: REV:18 | C44: Revisão do modo de falha "Desgaste da Peça de Naylon do Troller"
... B46: Rev: 20 | C46: Revisão do Modo de Falha " Roldanas de Frenagem travadas"

Sheet Lições Aprendidas
A2: Item | B2: Etapa | C2: Modo de Falha Potencial | D2: Causa(s) Potenciais / Mecanismo de Falha | E2: Ação Recomendada | F2: Responsabilidade Data de conclusão prevista | G2: Ações realizadas Data de conclusão
A3: It
A4: 1 | B4: Receber e inspecionar FM | C4: Falta de identificação | D4: Perda da etiqueta de identificação no manuseio | E4: Etiquetas rompidos ou com etiqueta improvisada, não receber o FM e acionar imediatamente a logísitca e/ou equipe do laboratório, para realizar o bloqueio. | F4: Alexandre | G4: 44878
D5: Lacres rompidos ou etiquetas improvisadas | E5: Se o FM estiver com os lacres das duas etiquetas rompidos ou com etiqueta improvisada, não receber o FM e acionar imediatamente a logísitca e/ou equipe do laboratório, para realizar o bloqueio. | F5: Alexandre | G5: 44878
C6: Identificação errada | D6: Fornecedor enviou o rolo com identificação errada
C7: Receber matéria-prima com danos mecânicos | D7: Não identificação do defeito no momento do recebimento
C8: Matéria-prima com danos mecânicos | D8: Contato entre as espiras | E8: Realização de Plano de Experimentos (banho de sabão) objetivando diminuir os defeitos mecânicos causados pela compactação do FM na AM Monlevade. | F8: Márcio Cristeli 31/12/14 | G8: Banho de sabão implementado em 31/12/14
D9: Atrito do fio máquina com o berço de transporte | E9: Criar sistemática para recebimento de matéria prima. | F9: Márcio Cristeli 29/06/2018 | G9: Realizar auditorias periódicas, além da conferência dos Certificados de Qualidade.
A10: 2 | B10: Armazenar rolos de FM | C10: Falta de Proteção | D10: Contato entre superfícies | E10: 1) Vulcanização e revestimento em borracha dos arietes das empilhadeiras. 2) Efetuar a troca da proteção de borrachas das empilhaderias de Sabará | F10: 1) Márcio Cristeli 01/12/14 2) Carolina Siqueira 18/08/19 | G10: 1) Revestimento implementado em 26/09/14 2) ok
E11: 1) Definir local fixo para acondicionamentos, identificados e demarcados para rolos fio maquina especifico para CK 2) Revisar procedimento de acondicionamento de rolos fio-máquina contemplando o local especifico (GPSA LOG PO 0074). 3) Treinar envolvidos no procedimento (GPSA LOG PO 0074) | F11: 1) Geraldo Mol - 31/03/21 2) Bruna Melo - 09/04/21 | G11: Foi definido o local específico com as devidas proteções
E12: Revisar plano de manutenção preventivo incluindo no check list o padrão de aceitabilidade da proteção de borracha da ariete da empilhadeira de Sabará. | F12: Carolina Siqueira 30/09/19 | G12: Foi revisado o plano de manutenção preventivo
E13: Criar um padrão fotográfico para inspeção de fio máquina via procedimento da equipe | F13: Jeveson Batista | G13: Foi revisado o procedimento da equipe
C14: Manuseio e empilhamento irregular | D14: Pilha c/ mais de 3 rolos. Contato entre superfícies. | E14: Treinamento de concientização e boas práticas na movimentação e estocagem de FM. | F14: Márcio Cristeli 31/12/2014 | G14: Treinamento realizado em 13/05/14 e 19/11/14
C15: Rolos mal calçados | D15: Falta da fixação ou mal mal fixado | E15: Treinamento de concientização e boas práticas na movimentação e estocagem de FM. | F15: Eduardo Lopes 15/12/15 | G15: Manutenção realizada em 15/12/2015
E16: Substituição dos berços de madeiras localizados nas entradas das máquinas de trefilar por um sistema com tapetes e ancoragem de borracha. Melhorar a fixação dos berços de estocagem do FM. | F16: Eduardo Lopes 31/10/15 Túlio 06/05/22 | G16: Substituição dos berços realizada em 29/09/2015
A17: 3 | B17: Programar fabricação | C17: Matéria-prima programada errada | D17: Material com erro no cadastro | E17: Padronizar programação, não permitindo trocas alternando o tipo de aço com a mesma bitola | F17: Maycon 24/11/22 | G17: 44889
A18: 4 | B18: Abastecer máquina | C18: Abastecer o rolo de FM com material (aço/bitola) diferente do especificado. | D18: Programação do rolo errado | E18: Criar bloqueio no MES, evitando a inserção de dados fora do especificado para o produto. | F18: Thiago Salles 20/04/2017 | G18: Realizado em 17/04/2017
D19: Abastecimento do rolo errado | E19: Implementar trava no sistema impedindo a digitação manual do consumo de matéria prima. Detalhar no procedimento cada passo do abastecimento do fio máquina Instalar a cabine de abastecimento ao lado do local de abastecimento do fio máquina Criar comitê de rastreabilidade Colocar no sequenciamento cores diferentes para os materiais, Aparecer o pop-up na tela de alerta quando houver a troca de OP. instalar trava no sistema para que o time da operação não retorne para um OP aberta sem o aval da supervisão | F19: Bruna 06/09/22 Geraldo Mol 10/12/22 Geraldo Mol 28/11/22 Geraldo Mol 28/11/22 Bruna 02/12/22 | G19: Bruna 06/09/22 Geraldo Mol 10/12/22 Geraldo Mol 28/12/22 Geraldo Mol 28/11/22 Bruna 02/01/23
D20: Abastecimento do rolo errado | E20: Desenvolver um plano de substituição dos coletores defasados (levantamento das especificações). | F20: Thiago Salles 09/09/16 | G20: Realizado em 09/09/16
D21: Fornecedor enviou o rolo com identificação errada | E21: Estudar a compra de um espectrômetro portátil para detecção/separação de misturas. | F21: Fernando Muradas 31/01/2018 | G21: Estudo realizado porém sem modificações
C22: Matéria-prima com oxidação aparente | D22: Tempo elevado de estocagem do material no pátio | E22: NA | F22: NA | G22: NA
C23: Abastecer o equipamento com matéria-prima com defeito superficial | D23: Movimentação e estocagem do fio máquina incorretamente | E23: Manutenção dos arietes empilhadeira | F23: Willian(Brasiltec) 12/2018 | G23: Realizado em 12/2018
C24: Roleta com arestas cortantes | D24: Contato do FM com a roleta | E24: 1) Revestir a roleta com borracha protetora ( RO 202342682 ) 2) Inserir no plano de manutenção a inspeção da roleta de abastecimento do rolo de fio máquina ( RO 202342682 ) 3)Inserir no plano de manutenção a inspeção da roleta de abastecimento do rolo de fio máquina ( RO 202342682 ) | F24: 1) Tulio 20/06/23 2) Tulio 20/06/23 3) Tulio 20/06/23 | G24: Realizado 20/06/23
A25: 5 | B25: Pré-Endireitar matéria-prima | C25: Defeito superficial da matéria-prima | D25: Aperto excessivo das roldanas | E25: Nenhuma | F25: NA | G25: NA
D26: Folga das roldanas | E26: Nenhuma | F26: NA | G26: NA
D27: Aderência de material nas roldanas | E27: Nenhuma | F27: NA | G27: NA
C28: Pré-endireitamento ineficiente | D28: Roldanas desalinhadas | E28: NA | F28: NA | G28: NA
C29: Rolo em cruz não atuando | D29: Rolamento travado | E29: Regular o rolo em cruz | F29: Gilberto 02/07/2015 | G29: Rolo em cruz regulado em 02/10/2015
E30: Incluir no RCM a verificação do rolo em cruz | F30: Gilberto 02/10/2015 | G30: Inclusão realizada em 02/10/2015
A31: 6 | B31: Decapar matéria-prima | C31: Matéria-prima muito decapada | D31: Excesso de vazão de granalha | E31: NA | F31: NA | G31: NA
D32: Caracteristica da granalha fora da especificação. | E32: fazer um estudo da qualidade atual da granalha atualizada . Estamos como sentimento que a granalha esta destruindo muito fácil . contatar fornecedor e fazer uma avaliação em laboratório. | F32: Vinicius 04/2018 | G32: Realizado o estudo e apresentado para o fornecedor para adequação
C33: Matéria-prima pouco decapada | D33: Pouca vazão de granalha | E33: 1) Revisar o Check list pré uso da Máquina 908. 2) Revisar procedimento da Máquina 908, inserindo a necessidade do preenchimento da variável do amperímetro no cleck list. | F33: 1) Carol Siqueira 14/07/23 2) Ana Barcelos 14/07/23 | G33: 1) concluído 14/07/23 2) concluído 31/07/23
D34: Caracteristica da granalha fora da especificação. | E34: Fazer um estudo da qualidade atual da granalha atualizada . Estamos como sentimento que a granalha esta destruindo muito fácil . contatar fornecedor e fazer uma avaliação em laboratório. | F34: Vinicius 04/2018 | G34: Realizado o estudo e apresentado para o fornecedor para adequação
C35: Matéria-prima com oxidação | D35: Tempo elevado de estocagem do material no pátio | E35: NA | F35: NA | G35: NA
A36: 7 | B36: Trefilar matéria-prima | C36: Aderência de material na fieira | D36: Má lubrificação
D37: Má decapagem
C38: Barra apresentando martensita na região da superfície | D38: Atrito do fio-máquina com a fieira durante o processo de trefilação devido à baixa lubrificação | E38: Solicitar ao fabricante o “arredondamento” da quina na região do ângulo de entrada da fieira. | F38: Márcio Cristeli 20/05/2016 | G38: Solicitação realizada em 20/05/2016
E39: Incluir observação no cadastro do produto para isenção de marcas/riscos helicoidais na barra trefilada. | F39: Fernando Muradas 20/04/2016 | G39: Observação incluída em 20/04/2016
E40: Inserir no check list de pré uso do equipamento 906 o alerta para verificar o nível do reservatório de óleo da fieira nas trocas de turno. | F40: Paulo Celso 15/07/2020 | G40: Realizado
E41: Alterar procedimento e treinar operadores para controle do fluxo ideal de óleo, após interrupção/fechamento da válvula. | F41: Bruna Melo 03/08/2020 | G41: Realizado
E42: Inserir no procedimento e treinar os operadores para solicitar ao laboratório o bloqueio do lote que estiver processando no momento da quebra de fieira. | F42: Bruna Melo 31/07/2020 | G42: Realizado
E43: Bloquear preventivamente o lote que estiver sendo processado em caso de ocorrência de quebra da fieira, para realizar inspeção visual 100% das barras. | F43: Ciro Magno 31/07/2020 | G43: Realizado
E44: Enviar alerta (email) para grupo específico toda vez que o material entrar no equipamento para ser trefilado. | F44: Jesuíno 21/07/2020 | G44: Realizado
E45: Instalar medidor de nível de óleo do reservatório, com alerta operacional (sinal) em caso de nível baixo. | F45: Artur Nascimento 31/01/2021 | G45: Realizado
C46: Medição incorreta das barras | D46: Falha de detalhamento da atividade no procedimento | E46: 1) Inserir no cadastro do produto a sistemática de medição de empeno a partir do método do batimento das pontas das barras. 2) Inserir no procedimento operacional GPSA FBA PO 0055 o método de medição de empeno nas pontas (batimento) | F46: Jéveson (15/02/21) Darlan (01/02/21) | G46: Realizado
E47: 3) Cadastrar alerta no sistema de gerencimento de produção (MES) para troca das roldanas do pré endireitador ao realizar a produção do material 239624 | F47: Darlan (12/02/21) | G47: Realizado
E48: 4) Implementar sistemática de verificação e troca das roldanas do pré endireitador ao realizar a produção do material 239624 | F48: Darlan (26/02/21) | G48: Realizado
C49: Falha no cadastro do material com velocidade inadequada | D49: Cadastro inadequado da velocidade de trefilação do material | E49: 1) Alterar a velocidade de trefilação no cadastro do material para max 40m/min 2) Fazer abrangência do cadastro da velocidade de trefilação para demais produtos da Marell (Conforme AA Material empenado Magneti Marelli - B201900057364 - Setembro/2019) | F49: Cassio 1) 16/10/2019 2) 31/10/2019 | G49: 1) 16/10/2019 2) 31/10/2019
E50: Alterar velocidade de trefilação no cadastro do material para max 40m/min | F50: Jeveson 31/12/2019 | G50: Realizado
C51: Falha na embreagem do sistema de freios | D51: Desgaste prematuro da embreagem | E51: Inserir na rotina do RCM a verificação dos motores de regulagem do porta fieria. | F51: Camila 13/11/20 | G51: Realizado
A52: 7 | B52: Trefilar matéria-prima | C52: Processo de tração inconforme: ângulo de entrada da fieira incorreto | D52: Falha na regulagem pelo operador | E52: Instalar acumulador de barras na mesa de saída das schumag. | F52: Paulo Celso / Ciro Magno 17/07/2017 | G52: 42933
E53: Construir mesas para medição de empeno na barra inteira com relógio comparador | F53: João Fenelon Previsto 31/12/2008 | G53: Construidas mesas e treinados os operadores em 01/12/2008
E54: Treinamento introdutório sobre metrologia (interno) | F54: Sérgio Tanaka 31/12/2015 | G54: Treinamento realizado em 31/12/2015
E55: Treinamento sobre metrologia. Prático / teórico | F55: RH 01/08/15 e 05/09/15 | G55: Treinamento metrologia concluído em 05/09/2015
E56: Treinamento operacional sobre qualidade das barras trefiladas | F56: Fernando Muradas 30/06/2015 | G56: Treinamento operacional concluído em 17/06/2015
E57: Inserir observação na op do produto, reforçando a atenção e necessidade dos operadores para o nível de retilineidade do item reclamado | F57: Fernando Muradas 30/11/2015 | G57: Observação inserida em 30/11/2015
E58: Realizar levantamento e definição do estoque de fieiras de acordo com demanda mensal | F58: Marcio Cristeli 30/12/2014 | G58: Levantamento realizado em 30/12/2014
C59: Histórico incorreto do componente | D59: Erro na determinação da lista técnica | E59: Alterar a LT do material 224728 para a bitola imediatamente superior disponível | F59: Fernando Muradas 30/09/2015 | G59: Lote alterado em 25/09/2015
C60: Barras com retilineidade conforme especificado | D60: Fieiras utilizadas com geometria irregular | E60: Acompanhar a produção das próximas campanhas de BTRs de mola Desenvolver novo fornecedor de fieira Melhorar o processo de recuperação de fieiras em parceria com a Belgo Bekaert Desenvolver novo material com alta resistência ao desgaste para as roldanas dos pré endireitadores | F60: Paulo Celso 30/12/22 Paulo Celso 27/02/23 Túlio Nogueira 30/03/23 Túlio Nogueira 28/02/23 | G60: Realizado
A61: 7 | B61: Trefilar matéria-prima | C61: Processo de tração inconforme | D61: Compra incorreta da fieira | E61: 1) Realizar testes em fieiras com geometrias modificadas para minimizar o empeno nas barras 2) Cadastrar a fiiera parar produção do material 22,40 Marelli em MRP | F61: 1) Márcio Cristeli previsto 01/12/15 2) 07/11/2019 | G61: 1)Teste realizado em 01/12/2015 2) ok
C62: Defeito tipo Chevron | D62: ângulo de entrada da fieira incorreto e segregação na matéria prima | E62: Revisar o cadastro dos códigos da ALLEVARD que passam pelo processo de ultrassom, deixando a necessidade de ensaio somente para a fase 70 | F62: Fernando Muradas previsto 17/05/2017 | G62: Cadastro revisado em17/05/2017
E63: Divulgar reclamação e origem da ocorrência para equipe técnica, para evitar novas ocorrências. | F63: Fernando Muradas previsto 22/05/2017 | G63: Divulgação realizada em 22/05/2017
E64: Alterar o roteiro de processamento de trefilado para descascado, material código (261715) | F64: Fernando Muradas 20/07/2017 | G64: Realizado
E65: Utilizar fieiras de 14° para os materiais 184244(allevard). o material 268262 está sendo descascado direto, sem a necessidade de trefilar. | F65: Márcio Cristeli 22/05/2017 | G65: Fieiras de 14ª em uso
C66: Bitola fora da faixa de tolerância especificada | D66: Falha na escolha da fieira pelo operador | E66: Treinamento introdutório sobre metrologia (interno) | F66: Sérgio Tanaka 31/12/2015 | G66: Treinamento metrologia concluído em 31/12/2015
E67: Treinamento sobre metrologia. Prático/ Teórico | F67: RH 1/08/15 e 05/09/15 | G67: Treinamento metrologia concluído em 05/09/2015
C68: Falha de descarte na ponta do FM/barra com marcas do mordente | D68: Atividade de descarte da ponta após o primeiro trenó não procedimentada. | E68: Revisão do padrão incluindo a obrigatoriedade do corte da ponta (descarte) após o primeiro trenó de tração. Treinar todas as equipes. | F68: Paulo Celso 30/06/2016 | G68: Padrão revisado e treinamento realizado em 05/07/2016
E69: Divulgar a ocorrência aos operadores, com amostras coletadas/segregadas após seleção 100% | F69: Fernando 20/06/16 | G69: Divulgação realizada em 20/06/2016
A70: 7 | B70: Trefilar matéria-prima | C70: Roletes do trenó com deformação | D70: Final de vida útil dos roletes | E70: Cadastro dos roletes de trenós de tração como MRP | F70: Gilberto 15/06/2016 | G70: Cadastro realizado em 15/06/2016
E71: Substituição dos roletes do trenó de tração | F71: Alexson 30/05/2016 | G71: Substituição dos trenós realizada em 30/05/2016
C72: Perda de sincronismo nos trenós | D72: Came e/ou correia de sincronismo fora do ponto | E72: Aperfeiçoamento dos envolvidos junto ao fornecedor do equipamento de inspeção de corrente parasita | F72: João Fenelon Previsto 01/12/2009 | G72: Contratado aperfeiçoamento junto ao fornecedor 01/05/2009
C73: Fechamento excessivo dos mordentes | D73: Falha de regulagem dos cilindros hidráulico e pneumático pelo operador
C74: Abertura excessiva dos mordentes | D74: Falha de regulagem dos mordentes pelo operador
C75: Aderência de material nos mordentes | D75: Falha de regulagem dos mordentes pelo operador
C77: Aderência de material nos mordentes | D77: Falta de sistemática de verificação dos mordentes de tração na condição de incrustação de materia | E77: Incluir no pocedimento GPSA FBA PO 0010 e treinar os operadores sobre a forma correta de identificar incrustação de material metálico nos mordentes e retira-las. | F77: Carolina 01/04/20 | G77: Concluído
D78: Falta de sistemática de verificação do cilindro pneumático do trenó de tração | E78: Inserir a verificação e ou substituição do cilindro pneumático do trenó de tração no calendário mensal de manutenção preventiva da linha Schumag 905. | F78: Camila 12/03 | G78: Concluído
D79: Falta de sistemática de verificação dos mordentes de tração na condição de incrustação de materia | E79: Criar rotina de verificação e desgaste dos mordentes de tração da linha Schumag 905 | F79: Edivane 14/03/20 | G79: Concluído
C80: Divergencia do resultado de ensaio. | D80: Calibração dos equipamentos de ensaios físicos vencidas | E80: NA | F80: NA | G80: NA
C81: Falha no corte da máquina. | D81: Falha na sistema de aperto do parafuso da tesoura | E81: Criar item no check list para verificar aperto e desaperto do parafuso da tesoura. (plano de ação: PLA201807AT0001) | F81: Márcio 28/09/2018 | G81: Conlcuído 28/09/2018
D82: Falha no tempo do acoplamento da embreagem | E82: Instalação do basculador de barras da banca de saída da máquina | F82: Ciro 06/09/2017 | G82: Instalação realizada na 904 em 06/09/2017
C83: Variação no corte | D83: Mau funcionamento do trenó de tração:borracha de vedação desgastada | E83: Aumentar o comprimento do múltiplo em 20mm, visando absorver possíveis variações do comprimento do múltiplo | F83: Fernando 30/03/16 | G83: Alteração realizada em 30/03/2016
E84: Substituir o cilindro do trenó de tração da máquina de trefilação. | F84: Alexson 30/03/2016 | G84: Cilíndro substituído em 30/03/2016
C85: Má decapagem | D85: Jato fora de foco | E85: NA | F85: NA | G85: NA
C86: óleo sujo / contaminado | D86: Ausência de sistematica de limpeza dos reservatórios | E86: Criar sistemática de realização de limpeza dos reservatórios e troca dos óleos | F86: Ciro Magno 30/01/2019 | G86: Acrescentado na OS da manutenção, realização de sucção do óleo 30/01/19
C87: Falha na inspeção do material | D87: Falta de informações nos sistemas para alerta na operação | E87: Inserir o "alerta de qualidade" no MES para as bitolas da SOGEFI Argentina Aumentar a frequencia de inspeção para 4 medições a cada 1000kg no cadastro do material da SOGEFI Argentina | F87: Cássio Martins 18/11/2019 | G87: Foi criado o alerta e modificado o cadastro do material
E88: Solicitar a criação de uma demanda no MES para verificação da condição superficial da barra no campo "Registro de Medições" | F88: Cássio Martins 31/01/2020 | G88: Realizado
C89: Falha no cadastro do material | D89: Cadastro incorreto do código do material | E89: Criar um padrão procedimental da atividade de cadastro de material | F89: Cássio Martins (13/09/2019) | G89: Foi criado o procedimento GPSA ENPP PS 0003
A90: 8 | B90: Inspecionar Barras por Corrente Parasita | C90: Inspeção com sensibilidade baixa | D90: Ajuste incorreto da escala de bitola ou da sonda. | E90: Criação de uma biblioteca com cadastro de todos os materias que precisam ser inspecionados | F90: João Fenelon 01/01/2014 | G90: Materiais cadastrados em 01/01/2014
D91: Parâmetro de ajuste para detecção do defeito abaixo da faixa de rejeição. | E91: Adquirir padrão com defeito de menor profundidade e abertura, e recalibrar o equipamento de inspeção (Ø 16,20 cofap) | F91: Jesuíno 30/09/2016 | G91: Padrão adquirido e equipamento recalibrado em 30/09/2016
C92: Cobertura da inspeção insuficiente (não varre 100% do material) | D92: Uma ou mais sondas com defeito | E92: Ajustar o ganho na inspeção | F92: Jesuíno 20/06/2016 (9254 14,10x1555 e 13,10x1535) (11,30 13,70 15,20) | G92: Ajuste realizado em 20/06/2016
D93: Falha na aferição do equipamento de inspeção | E93: Revisar o modelo do formulário e incluir a necessidade de inserir a evidência da reprovação/aprovação do padrão. Após essa atualização treinar a equipe nas modificações | F93: Jesuíno (30/11/2020) | G93: Realizado 05/11/2020
C94: Desmagnetização ineficiente | D94: Queima da placa de potência do desmagnetizador | E94: Adquirir novo painel do desmagnetizador. | F94: João Rios 30/08/2017 | G94: Realizado 30/08/2017
D95: Falha na verificação do funcionamento do desmagnetizador | E95: 1) Revisar o procedimento orientando a atividade de verificação do desmagnetizar após qualquer parada no equipamento de inspeção 2) Fazer abrangência para demais máquinas que possuem o desmagnetizador | F95: Cássio Martins 1) 31/10/2019 2) 14/11/2019 | G95: Realizado 1) 31/10/2019 2) 14/11/2019
D96: Falha na regulagem do desmagnetizador | E96: Revisar o procedimento "Caracterização de defeitos" | F96: Cássio Martins 14/11/2019 | G96: 43783
C97: Falha elétrica | D97: Falha no painel IHM | E97: Realizar intertravamento da inspeção e IHM (painel de comando) para que a trefila Schumag 906 não funcione em caso de falha de comunicação entre IHM e inspeção ( RO 202355329) | F97: Marcos Evangelista (30/01/2024)
C98: Falta de ar comimprido | D98: queda de ar comprimido da rede da máquina, | E98: Adquirir e instalar novos compressores de ar comprimido Atualizar o procedimento de inspeção GPSA FBA PO 0064 REV. 06- Operar linha de inspeção Rotomac para que em casos de anormalidades operacionais da máquina, realizar novamente a inspeção do lote. | F98: 1) Thiago Cunha Salles (31/12/2018) 2) Jeveson Batista (19/07/2019) | G98: Realizado
A99: 9 | B99: Cortar barras - Schumags | C99: Comprimento mal ajustado | D99: Falha no setup do comprimento pelo operador / máquina | E99: Treinamento introdutório sobre metrologia (interno) | F99: Sérgio Tanaka 31/12/2015 | G99: Treinamento realizado em 31/12/2015
E100: Treinamento sobre metrologia. Prático / teórico | F100: RH 1/08/15 e 05/09/15 | G100: Treinamento metrologia concluído em 05/09/2015
E101: Treinamento operacional sobre qualidade das barras trefiladas | F101: Fernando Muradas 30 de junho/2015 | G101: Treinamento operacional concluído em 17/06/2015
C102: Utilização de navalha gasta ou com folga | D102: Falha na escolha da bucha de corte pelo operador | E102: NA | F102: NA | G102: NA
...
